"SlNo","ProductDescription","AdmissionNo","LoanNo","PurposeDescription","SanctionedDate","SanctionedAmount","LoanPeriod","DueDate","ROI","PenalROI","IOD","LedgerFolioNo","OutstandingPrincipal","OutstandingInterest","PacsId","BranchId"
,"Salary Loan Others OL","368","1","Personal Loan","2023-04-01","3,59,387.00 ",,"2023-05-31",,,,"1","1,93,890.00 ","0","91150108064001",
,"Salary Loan Others OL","1585","4","Personal Loan","2023-04-01","2,17,932.00 ",,"2023-05-31",,,,"1","1,82,887.00 ","0","91150108064001",
,"Salary Loan Others OL","1543","5","Personal Loan","2023-04-01","1,11,120.00 ",,"2023-05-31",,,,"1","1,63,005.00 ","0","91150108064001",
,"Salary Loan Others OL","2067","6","Personal Loan","2023-04-01","2,17,932.00 ",,"2023-05-31",,,,"1","1,70,992.00 ","0","91150108064001",
,"Salary Loan Others OL","1270","7","Personal Loan","2023-04-01","2,22,242.00 ",,"2023-05-31",,,,"1","37,780.00 ","0","91150108064001",
